ru_name;en_name
ЭДУАРД;EDUARD
АБАЛЯН;ABALYAN
ГЕОРГИЙ;GEORGY
АБАШВИЛИ;ABASHVILI
АНАСТАСИЯ;ANASTASIJA
АБАШИДЗЕ;ABASJIDZE
ДАВИД;DODO
АБАШИДЗЕ;ABASHIDZE
ЛЕВАН;LEVAN
ЛЕЙЛА;LEILA
НИНО;NINO
АБЕСАДЗЕ;ABESADZE
НИЯ;NIYA
ГЕВОРК;GEVORG
АБОВ;ABOV
ВАЛЕРИ;VALERI
АБРАМИДЗЕ;ABRAMIDZE
ЕВГЕНИЙ;EVGENY
АБРАМЯН;ABRAMYAN
КАРЕН;KAREN
ГЕОРГИЙ;GIORGI
ПАПУНАИШВИЛИ;ABURJANIA
ИРАКЛИЙ;IRAKLI
АБУСЕРИДЗЕ;ABUSERIDZE
АВАКЯН;AVAGYAN
МАРИАМ;MARIAM
АВАЛИАНИ;AVALIANI
ЗУРАБ;ZURAB
АВАЛИШВИЛИ;AVALISHVILI
ЮРИЙ;YURY
АВЕТ;AVET
АВЕТИСЯН;AVETISYAN
МИХАИЛ;MIKHAIL
АГАДЖАНОВ;AGHAJANOV
КАРАПЕТ;KARAPET
АГАДЖАНЯНЦ;AGADZANIAN
ГАСАН-БЕК;HASAN
АГАЛАРОВ;AGALAROV
ИДРИС;IDRIS
РУБЕН;RUBEN
АГАМИРЗЯН;AGAMIRZIAN
АБЕЛ;ABEL
АГАНБЕГЯН;AGANBEGYAN
БОРИС;BORIS
АГАПОВ;AGAPOV
НАТАЛИЯ;NATALIA
АГАПЬЕВА;AGAPEVA
АШОТ;ASHOT
АГАРОНОВ;AHARONOV
ГРИГОР;GRIGOR
АГАРОНЯН;AHARONYAN
НИКОЛ;NIKOL
АГБАЛЯН;AGHBALIAN
АГНИАШВИЛИ;AGNIASHVILI
ГЕОРГИЙ;GEORGI
АДАМИА;ADAMIA
АРАМ;ARAM
АДАМЯН;ADAMYAN
ЛЕЙЛА;LEYLA
САТЕНИК;SATENIK
ВЛАДИСЛАВ;VLADISLAV
АДЕЛЬХАНОВ;ADELKHANOV
ВЛАДИМИР;VLADIMIR
АДЖАМОВ;ADZHAMOV
ГУРАМ;GURAM
АДЖОЕВ;ADZHOYEV
ФРЕД;FRED
АДРА;ADRA
ВАЖА;VAZHA
АЗАРАШВИЛИ;AZARASHVILI
МАЙЯ;MAIA
ИРАКЛИ;IRAKLI
АЗАРОВИ;AZAROVI
ВИКТОР;VIKTOR
АЗАТЯН;AZATYAN
ЛЕОНИД;LEONID
АЗГАЛДЯН;AZGALDYAN
АЗМАЙПАРАШВИЛИ;AZMAIPARASHVILI
ШАЛВА;SHALVA
СУРЕН;SUREN
АЙВАЗЯН;AYVAZYAN
СОФЬЯ;SOFYA
АКИМОВА;AKIMOVA
РАФАЭЛЬ;RAFAEL
АКОПОВ;AKOPOV
СТЕПАН;STEPAN
РОБЕРТ;ROBERT
АКОПЯН;HAKOBYAN
КАХАБЕР;KAKHABER
АЛАДАШВИЛИ;ALADASHVILI
ГИУЛИ;GIULI
АЛАСАНИЯ;ALASANIA
АРТО;ARTO
АЛЕКСАНЯН;ALEKSANYAN
ВЛАДИМИР;LADO
АЛЕКСИ-МЕСХИШВИЛИ;ALEKSI-MESKHISHVILI
АЛЕКСИДЗЕ;ALEKSIDZE
ДМИТРИЙ;DMITRY
РАТИ;RATI
АЛЕКСИЙ;LEKSO
АЛЕКСИШВИЛИ;ALEKSISHVILI
ХАДИДЖА;XADICA
АЛИБЕКОВА;ALIBAYOVA
МАКСУД;MAQSUD
АЛИЕВ;@LIYEV
АБРАМ;ABRAHAM
АЛИХАНОВ;ALIKHANOV
СЕРГЕЙ;SERGEY
АРТЁМ;ARTYOM
АЛИХАНЬЯН;ALIKHANIAN
ГЕВОРК;GEVORK
АЛИХАНЯН;ALIKHANOV
НАИБА;NAIB@
АЛЛАХВЕРДИЕВА;ALLAHVERDIYEVA
ГЕНРИХ;HENRIKH
АЛТУНЯН;ALTUNYAN
ЯКОВ;IAKOB
АЛХАЗОВ;ALKHAZIAN
НОДАР;NODAR
АМАГЛОБЕЛИ;AMAGHLOBELI
АЛЕКСАНДР;ALEKSANDR
АМАС;AMAS
ЭЛГУДЖА;ELGUJA
АМАШУКЕЛИ;AMASHUKELI
ВИКТОР;VICTOR
АМБАРЦУМЯН;AMBARTSUMIAN
АМЕДЯН;AMEDYAN
САНДРО;SANDRO
АМИНАШВИЛИ;AMINASHVILI
ТЕНГИЗ;TENGIZ
АМИРЭДЖИБИ;AMIREJIBI
ЧАБУА;CHABUA
АМОНАШВИЛИ;AMONASHVILI
НИНА;NINA
АНАНИАШВИЛИ;ANANIASHVILI
ЭЛИЗБАР;ELIZBAR
МАНАНА;MANANA
АНАСАШВИЛИ;ANASASHVILI
ЭТЕРИ;ETERI
АНДЖАПАРИДЗЕ;ANDJAPARIDZE
АНДРИАСЯН;ANDRIASYAN
КИРА;KIRA
АНДРОНИКАШВИЛИ;ANDRONIKOVA
ИВАН;IVANE
АНДРОНИКОВ;ANDRONIKASHVILI
ЯССЕ;YASSE
АНДРОНИКОВ;ANDRONIKOV
САЛОМЕЯ;SALOMEA
АНДРОНИКОВА;ANDRONIKOVA
АНИКИН;ANIKIN
МАРГАРИТА;MARQARITA
АННИНСКАЯ;ANNENSKAYA
АНПИЛОГОВ;ANPILOGOV
АНТАДЗЕ;ANTADZE
АННА;ANNA
АНТОНОВСКАЯ;ANTONOVSKA
АНТОНЯН;ANTONYAN
АНЧАБАДЗЕ;ANCHABADZE
ТИМУР;TIMUR
АПАКИДЗЕ;APAKIDZE
ИГОРЬ;IGOR
АПАСЯН;APASYAN
АПОЯН;APOYAN
АПРЕСЯН;APRESYAN
МАМУКА;MAMUKA
АПЦИАУРИ;APTSIAURI
ЭДВАРД;EDVARD
АРАБ-ОГЛЫ;ARAB-OGLY
АРАБАДЖЯН;ARABADZHYAN
АРЧИЛ;ARCHIL
АРВЕЛАДЗЕ;ARVELADZE
РЕВАЗ;REVAZ
ШОТА;SHOTA
МОИСЕЙ;MOISSEI
АРГУТИНСКИЙ-ДОЛГОРУКИЙ;ARGOUTINSKI-DOLGOROUKI
АРГУТИНСКИЙ-ДОЛГОРУКОВ;ARGUTINSKY-DOLGORUKOV
ПЁТР;PETER
ЛАВРЕНТИЙ;LAVRENTI
АРДАЗИАНИ;ARDAZIANI
САЛОМЕЯ;SALOME
АРЕШЯН;ARESHYAN
АРЗУМАНЯН;ARSUMANJAN
ГЕВОРГ;GEVORG
АРМЕНЯН;ARMENYAN
АРОШИДЗЕ;AROSHIDZE
АРСЕН;ARSEN
БАГРАТИОНИ;TBILISI
КЛАРА;CLARA
АРСЕНЕВА;ARSENEVA
ПАВЕЛ;PAVEL
АРСЕНОВ;ARSYONOV
АРСЕНЯН;ARSENYAN
АРУТЮНОВ;ARUTYUNOV
АРМАИС;ARMAIS
АРУТЮНОВ;ARUTUNOFF
АРУТЮНЯН;ARUTYUNIAN
АРУТЮНЯН;ARUTYUNYAN
АРЧВАДЗЕ;ARCHVADZE
АРШБА;ARSHBA
АКАКИЙ;AKAKI
АСАТИАНИ;ASATIANI
МИХАИЛ;MIKHEIL
ТИНА;TINATIN
АЛЕКСЕЙ;ALEKSEY
АСКАРОВ;ASKAROV
АСЛАМАЗОВ;ASLAMAZOV
БЕСИК;BESIK
АСЛАНАШВИЛИ;ASLANASVILI
АЛЕКСАНДР;ALEKSANDRE
АСЛАНИКАШВИЛИ;ASLANIKASHVILI
АРУСЬ;ARUS
АСРЯН;ASRYAN
ИОСИФ;IOSIF
АТАБЕКОВ;ATABEKOV
АНАИДА;ANAIDA
АТАБЕКОВА;ATABEKOVA
АТАНЕСЯН;ATANESYAN
АХАЛАЯ;AKHALAIA
АХАЛКАЦИ;AKHALKATSI
ГИВИ;GIWI
АХВЛЕДИАНИ;ACHWLEDIJANI
ЛОМЕР;LOMER
АХВЛЕДИАНИ;AKHVLEDIANI
ЭРЛОМ;ERLOM
ГЕОРГИЙ;GEVORG
АШУГЯН;ASHUGHYAN
НИСАН;NISAN
БАБАЛИКАШВИЛИ;BABALIKASHVILI
ГЕЛА;GELA
БАБЛУАНИ;BABLUANI
КАТЕГОРИЯ:РОДИВШИЕСЯ;CATEGORY:BIRTHS
ТБИЛИСИ;TBILISI
СПАРТАК;SPARTAK
БАГАШВИЛИ;BAGASHVILI
АННА;ANA
БАГРАТИОН-ГРУЗИНСКАЯ;BAGRATION-GRUZINSKY
НУГЗАР;NUGZAR
БАГРАТИОН-ГРУЗИНСКИЙ;BAGRATION-GRUZINSKY
ИЛЬЯ;ILIA
ГЕОРГИЕВИЧ;GEORGIA
БАДАЛОВ;BADALOV
АЛЕКСАНДР;ALEXANDER
БАЖБЕУК-МЕЛИКОВ;BAZHBEUK-MELIKYAN
ВАЗГЕН;VAZGEN
БАЖБЕУК-МЕЛИКЯН;BAZJBEOEK-MELIKJAN
ЛАВИНИЯ;LAVINIA
БАЖБЕУК-МЕЛИКЯН;BAZHBEUK-MELIKYAN
БАЗАДЗЕ;BAZADZE
ВАГИФ;VAQIF
БАЙРАМОВ;BAYRAMOV
ГРИГОРИЙ;GRIGORY
БАЙСОГОЛОВ;BAYSOGOLOV
АБДУЛЛА-АГА;ABDULLA
БАКИХАНОВ;BAKIXANOV
ДАВИД;DAVID
БАКРАДЗЕ;BAKRADZE
ЗАХАРИЙ;ZAKARIA
ЛЕОНИД;LEO
БАКУР;BAKUR
БАКУРАДЗЕ;BAKURADZE
РЕВАЗ;REVAZI
БАРАБАДЗЕ;BARABADZE
БАРАМИДЗЕ;BARAMIDZE
НИКОЛАЙ;NIKOLOZ
БАРАТАШВИЛИ;BARATASHVILI
БАРДЗИМАШВИЛИ;BARDZIMASHVILI
ОТАР;OTAR
БАРКАЛАЯ;BARKALAIA
НИКОЛАЙ;NIKOLAI
БАРСАМОВ;BARSAMOV
ЮРИЙ;YURI
БАРСЕГОВ;BARSEGHOV
СЕРГЕЙ;SARGIS
БАРХУДАРЯН;BARKHUDARYAN
ЕЛИЗАВЕТА;YELIZAVETA
БАРЯТИНСКАЯ;BARYATINSKAYA
НИКОЛОЗ;NIKOLOZ
БАСИЛАШВИЛИ;BASILASHVILI
БАСИЛАЯ;BASILAIA
ДМИТРИЙ;DIMITRI
БАТИАШВИЛИ;BATIASHVILI
ЭЛИЗАБЕТ;LISA
БАУЭР;BAUER
БАХМЕТЕВ;BAKHMETEFF
ВАХТАНГ;VAKHTANG
БАХТАДЗЕ;BAKHTADZE
БАХТИДЗЕ;BAKHTIDZE
БАЦАШВИЛИ;BATSASHVILI
БАЧИАШВИЛИ;BACHIASHVILI
БАШИНДЖАГЯН;YEVGENY
АРТЕМОВИЧ;BASHINDZHAGYAN
ЗАХАР;ZAKAR
БАШИНДЖАГЯН;BASHINJAGHYAN
БАШКИРОВ;BASHKIROV
ВАСИЛИЙ;VASILI
БЕБУТОВ;BEBUTOV
ЗАКАРИЯ;ZAKARIA
БЕГЛАРИШВИЛИ;BEGLARISHVILI
МАНВЕЛ;MANVEL
БЕГЛАРЯН;BEGLARYAN
ГЕРАЛЬД;GERALD
БЕЖАНОВ;BEZHANOV
БЕЗРОДНЫЙ;BEZRODNY
РАШИД;RASHID
БЕЙБУТОВ;BEHBUDOV
АЛЕКС;ALEX
БЕККЕР;BEKKER
БЕЛЛА;BELA
МИРИАНАШВИЛИ;MIRIANASHVILI
КАХА;KAKHA
БЕНДУКИДЗЕ;BENDUKIDZE
ЭМЗАРИОС;EMZARIOS
БЕНТИНИДИС;BENTINIDIS
МЕРАБ;MERAB
БЕРДЗЕНИШВИЛИ;BERDZENISHVILI
ЕВГЕНИЙ;YEVGENY
БЕРЕНС;BERENS
БЕРИАНИДЗЕ;BERIANIDZE
ЗАРБЕГ;ZARBEG
БЕРИАШВИЛИ;BERIASHVILI
БЕРИДЗЕ;BERIDZE
БЕРИЕВ;BERIEV
БЕРИШВИЛИ;BERISHVILI
СЕРГО;SERGO
БЕРИЯ;BERIA
БЕРМОНДТ-АВАЛОВ;BERMONDT-AVALOV
ФЁДОР;FJODOR
БЕРНШТАМ;BERNSJTAM
БЕРНШТЕЙН;BERNSHTEYN
АРТЁМ;ARTEM
БЕРОЯН;BEROYAN
ДВОРА;DEVORAH
БЕРТОНОВА;BERTONOV
ТАМАРА;TAMAR
БЕРУЧАШВИЛИ;BERUCHASHVILI
НИКО;NIKOLOZ
БЕРУАШВИЛИ;BERUCHASHVILI
БЕСТАВАШВИЛИ;BESTAVASHVILY
БИРЮКОВА;BIRJUKOVA
ДАВИД;DAVYD
БИЧИНАШВИЛИ;BICHINASHVILI
БИЧУРИНА;BICHURINA
БИЯЗИ;BIASI
ПЁТР;PYOTR
БЛЕТКИН;BLETKIN
ОМАР;OMAR
БЛИАДЗЕ;BLIADZE
БОГУСЛАВСКИЙ;BOGUSLAVSKY
ГИГА;GIGA
БОКЕРИЯ;BOKERIA
БОКИЙ;BOKIY
ГЛЕБ;GLEB
БОКИЙ;BOKII
БОЛДЫРЕВ;BOLDYREV
ДАВИТ;DAVIT
БОЛКВАДЗЕ;BOLKVADZE
ВИТОЛЬД;VITOLD
БОРДЗИЛОВСКИЙ;BORDZILOVSKY
МАРИЯ;MARIYA
БОРОДАЕВСКАЯ;BORODAYEVSKAYA
БОСТАНДЖЯН;BOSTANJYAN
ЗЕЙНАБ;ZEINAB
БОЦВАДЗЕ;BOTSVADZE
ГЕННАДИЙ;GENNADY
БОЧАРОВ;BOCHAROV
ЕЛЕНА;ELENA
БОЧОРИШВИЛИ;BOTCHORICHVILI
ЭДУАРД;EDOEARD
БРАГОВСКИЙ;BRAGOVSKIY
БРЕГАДЗЕ;BREGADZE
НАНИ;NANI
БРЕГВАДЗЕ;BREGVADZE
БРЕНДОН;BRANDON
СТОУН;STONE
БРУНОВ;BRUNOV
БРУСИЛОВ;BRUSILOV
ЛЕВ;LEV
БУБНОВ;BUBNOV
ГЕОРГИЙ;GIA
БУГАДЗЕ;BUGADZE
БУНИАТЯН;BUNIATOV
ТЕОДОР;TEODOR
БУНИМОВИЧ;BUNIMOVICH
БУРАКОВСКИЙ;BURAKOVSKY
ВАНО;VANO
БУРДУЛИ;BURDULI
ПААТА;PAATA
БУРЧУЛАДЗЕ;BURCHULADZE
БУЦХРИКИДЗЕ;BUTSKHRIKIDZE
БЕСАРИОН;BESARION
ВАРДЗЕЛАШВИЛИ;VARDZELASHVILI
АВТАНДИЛ;AVTANDIL
ВАРСИМАШВИЛИ;VARSIMASHVILI
АНРИ;ANRI
ВАРТАНОВ;VARTANOV
АКСЕЛЬ;AKSEL
ВАРТАНЯН;VARTANYAN
ЖИРАЙР;ZHIRAYR
ВАРТАНЯН;VARDANYAN
ОЛЬГА;OLGA
ВАСИЛЬЕВА-ШВЕДЕ;VASILYEVA-SHVEDE
ВАХУШТИ;VAKHUSHTI
БАГРАТИОНИ;KARTLI
МАТЭ;MATE
ВАЦАДЗЕ;VATSADZE
ДАВИД;DAWID
ВАЧНАДЗЕ;WACZNADZE
ГРИГОЛ;GRIGOL
ВАШАДЗЕ;VASHADZE
ТАМАЗ;TAMAZ
ВАШАКИДЗЕ;VASHAKIDZE
ДЖУЛЬЕТТА;JULIETA
ВАШАКМАДЗЕ;VASHAKMADZE
ВАСИЛИЙ;VASILIY
ВЕБЕР;VEBER
ВЕДЕНЕЕВ;VEDENEEV
ВЕДЕНЕЕВА;VEDENEYEVA
ФИРИДУН-БЕК;FIRUDIN
ВЕЗИРОВ;VAZIROV
АБЕСАЛОМ;ABESALOM
ВЕКУА;VEKUA
АЛЕКСЕЙ;ALEXEI
ВЕПХВАДЗЕ;VEPKHVADZE
ИВАН;IVAN
ХРИСТОФОР;CHRISTOPHOR
ВЕРМИШЕВ;VERMISHEV
СЕДА;SEDA
ВЕРМИШЕВА;VERMISHEVA
СИМОН;SIMON
ВИРСАЛАДЗЕ;VIRSALADZE
ТИНАТИН;TINATIN
ЭЛИСО;ELISO
СЕРГЕЙ;SERGEI
ВИТТЕ;WITTE
ВЛАСЕНКО;VLASENKO
ВОЛКОВИ;VOLKOVI
ЦЕЗАРЬ;CESAR
ВОЛЬПЕ;VOLPE
ГИЯ;GIA
ВОЛЬСКИЙ;VOLSKI
ВОРОНОВ;VORONOV
ВОРОНЦОВА-ДАШКОВА;VORONTSOVA-DASHKOVA
ВРОНСКИЙ;VRONSKY
ВАСИЛИЙ;VASILY
ВЫРУБОВ;VYRUBOV
ГЕОРГИЙ;GIGO
ГАБАШВИЛИ;GABASHVILI
ИРИНА;IRINA
КОНСТАНТИН;KONSTANTINE
ТЕЙМУРАЗ;TEYMURAZ
ГИЗО;GIZO
ГАБЕСКИРИЯ;GABESKIRIA
ГАБИЧВАДЗЕ;GABICHVADZE
ГАБРИАДЗЕ;GABRIADZE
ГАБРИЧИДЗЕ;GABRICHIDZE
ГУРАНДА;GURANDA
ГАБУНИЯ;GABUNIA
ГАВРИИЛ;GABRIEL
САМТАВРИЙСКИЙ;URGEBADZE
ГАГАМАРУ;GAGAMARU
МАСАРУ;MASARU
ГАГУНАШВИЛИ;GAGUNASHVILI
ГАДАБАДЗЕ;GADABADZE
ГИОРГИ;GIORGI
ГАДРАНИ;GADRANI
ЛУКА;LUKA
ХАДИДЖА;KHADIJA
ГАИБОВА;GAYIBOVA
АБДУЛГАМИД-БЕК;ABDULHAMID
ГАЙТАБАШЫ;GAYTABASHI
ЭРАСТ;ERAST
ГАЛУМОВ;GALUMOV
АМИРАН;AMIRAN
ГАМКРЕЛИДЗЕ;GAMKHRELIDZE
ГАМКРЕЛИДЗЕ;GAMKRELIDZE
ЗВИАД;ZVIAD
ГАМСАХУРДИЯ;GAMSAKHURDIA
РАЯ;RAYA
ГАРБУЗОВА;GARBOUSOVA
ГАРИБАШВИЛИ;GHARIBASHVILI
ГРИГОРИЙ;GREGORY
ГАРИБЯН;GARIBIAN
ГАСОЯН;GASOYAN
САМВЕЛ;SAMVEL
ГАСПАРОВ;GASPAROV
ГАХАРИЯ;GAKHARIA
ГАХОКИДЗЕ;GAKHOKIDZE
ГАЧЕЧИЛАДЗЕ;GACHECHILADZE
ТАКО;TAKO
ГВАЛАДЗЕ;GVALADZE
ДАВИД;DAVIT
ГВАРАМАДЗЕ;GVARAMADZE
РУСУДАН;RUSUDAN
ГВАСАЛИЯ;GWASALIA
ГВАХАРИЯ;GVAKHARIYA
ГВЕЛЕСИАНИ;GVELESIANI
ГВЕРДЦИТЕЛИ;GVERDTSITELI
ТАМАРА;TAMARA
СОПИО;SOPIO
ГВЕТАДЗЕ;GVETADZE
МАТЕ;MATE
ГВИНИАНИДЗЕ;GHVINIANIDZE
САРГИС;SARGIS
ГЕВОНДЯН;GHEVONDYAN
ГЕОРГИЙ;GOGI
ГЕГЕЧКОРИ;GEGECHKORI
ВЛАДИМЕР;VLADIMER
ГЕГЕШИДЗЕ;GEGESHIDZE
ЭЛЕНЕ;ELENE
ГЕДЕВАНИШВИЛИ;GEDEVANISHVILI
ЗУРАБ;ZURABI
ГЕДЕХАУРИ;GEDEKHAURI
АНАТОЛИЙ;ANATOLI
ГЕККЕР;GEKKER
СОФО;SOPHO
ГЕЛОВАНИ;GELOVANI
ГЕОРГАДЗЕ;GIORGADZE
НИКОЛАЙ;NIKOLAY
ГЕРСЕВАНОВ;GERSEVANOV
ГИГАУРИ;GIGAURI
ГИГАШВИЛИ;GIGASHVILI
РЕВАЗ;REZO
ГИГИНЕИШВИЛИ;GIGINEISHVILI
РОЛАНД;ROLAND
ГИГОЛАЕВ;GIGOLAYEV
ГИКАЕВ;GIKAYEV
НИКОЛОЗ;NIKA
ГИЛАУРИ;GILAURI
ПАВЕЛ;PAWLE
ГИЛАШВИЛИ;GILASZWILI
РАМАЗ;RAMAZ
ГИОРГОБИАНИ;GIORGOBIANI
СЕМЁН;SEMEN
ГИРГОЛАВ;GIRGOLAV
ТЕЙМУРАЗ;TEIMURAZ
ГЛОНТИ;GLONTI
ГЛУЗДОВСКИЙ;GLUZDOVSKIY
ГОВОРОВ;GOVOROV
ГОГИТИДЗЕ;GOGUITIDZE
ЛАНА;LANA
ГОГОБЕРИДЗЕ;GOGOBERIDZE
ГОГОБЕРИШВИЛИ;GOGOBERISHVILI
ГОГОЛАДЗЕ;GOGOLADZE
ЛЕРИ;LERI
УЧА;UCHA
ЯН;YAN
ГОДОВСКИЙ;GODOVSKY
ЕЛЕНА;ELENE
ГОКИЕЛИ;GOKIELI
ИРЕН;IRENE
ГОЛИЦЫНА;GALITZINE
ЛЮБА;LUBA
ГОЛОВИНА;GOLOVINA
ГОМЕЛАУРИ;GOMELAURI
ДЖОРДЖИО;GIORGIO
ГОМЕЛЬСКИЙ;GOMELSKY
ГОМИАШВИЛИ;GOMIASHVILI
ГЕОРГИЙ;GEORGIY
ГОНГАДЗЕ;GONGADZE
ДМИТРИЙ;DZMITRY
ГОРА;GARA
ГОРБАЧЁВ;GORBACHYOV
ЕКАТЕРИНА;EKATERINA
ГОРБУНОВА;GORBUNOVA
ГОРГОДЗЕ;GORGODZE
ГОРДЕЛАДЗЕ;GORDELADZE
ГОРДЕЛИ;GORDELI
ГОТУА;GOTUA
БЕКА;BEKA
ГОЦИРИДЗЕ;GOTSIRIDZE
ГОЧАШВИЛИ;GOCHASHVILI
ГОШАДЗЕ;GOSHADZE
ЙОНАС;JONAS
ГРАЙЧЮНАС;GRAICIUNAS
ГРЕБНЕВ;GREBNEV
РУБИК;ROUBEN
ГРИГОРЯН;GREGORIAN
ГРИГАЛАШВИЛИ;GRIGALASHVILI
ГРИГОЛАШВИЛИ;BORIS
АРКАДЬЕВИЧ;GRIGOLASHVILI
ГРИГОРОВ;GRIGOROV
АРЦВИН;ARTSVIN
ГРИГОРЯН;GRIGORYAN
ГРИГОРЯН;GRIGORIAN
ГЕНРИХ;HENRIK
ГРИГОРЯНЦ;GRIGORYANTS
ЭДУАРД;EDOUARD
ГРИКУРОВ;GRIKUROV
ЭЛЬДА;ELDA
ГРИН;GRIN
ИОСИФ;IOSEB
ГРИШАШВИЛИ;GRISHASHVILI
ГРУЗЕНБЕРГ;GRUZENBERG
ПЁТР;PETRE
ГРУЗИНСКИЙ;GRUZINSKY
ГУГЕНИШВИЛИ;GUGENISHVILI
ВИССАРИОН;BESSARION
ГУГУШВИЛИ;GUGUSHVILI
ГУДАШВИЛИ;GUDASHVILI
ГОЧА;GOCHA
ГУДЖАБИДЗЕ;GUJABIDZE
ЛАША;LASHA
ГУДЖЕДЖИАНИ;GUJEJIANI
ЛАДО;LADO
ГУДИАШВИЛИ;GUDIASHVILI
ГУДУШАУРИ;GHUDUSHAURI
ЛЕВОН;LEVAN
ГУДУШАУРИ;GUDUSHAURI
ОТАРИ;OTAR
ГУЛАЗЯН;GULAZYAN
АРМЕН;ARMEN
ГУЛАКЯН;GULAKYAN
НУРБЕЙ;NURBEY
ГУЛИА;GULIA
СОФИКО;SOPIKO
ГУРАМИШВИЛИ;GURAMISHVILI
ГУРГЕНИДЗЕ;GURGENIDZE
ГУРИЕЛИ;GURIELI
ГУРКО-КРЯЖИН;GURKO-KRYAZHIN
ГУЦАЕВ;GUTSAEV
ДЕНИС;DENIS
ГУЦКО;GUTSKO
АРЕГ;AREG
ДАБАГЯН;DABAGYAN
ВАСИЛИЙ;VASSILI
ДАВИДЕНКО;DAVIDENKO
ДАВИДЯН;DAVIDIAN
ЗУРИКО;ZURIKO
ДАВИТАШВИЛИ;DAVITASHVILI
КОБА;KOBA
ЛЕО;LEO
ДАВТЯН;DAVTYAN
САРА;SARA
ЛИОНЕЛЬ;LIONEL
ДАДИАНИ;DADIANI
ДАДИАНИ;MINGRELIA
ДАЛАКИШВИЛИ;DALAKISHVILI
ДАНЕЛИЯ;DANELIYA
СЕРГЕЙ;SERHIY
ДАНИЛОВСКИЙ;DANYLOVSKYI
ЖАН;ZHAN
ДАНИЭЛЬ;DANIEL
АЙКАНУШ;HAYKANOUSH
ДАНИЭЛЯН;DANIELYAN
НАТАЛЬЯ;NATALYA
ДАНЬКО;DANKO
ВИТАЛИЙ;VITALY
ДАРАСЕЛИЯ;DARASELIA
ГАЙОЗ;GAIOZ
ДАРСАДЗЕ;DARSADZE
ДАТО;DATO
ДАРЦИМЕЛИЯ;DARTSIMELIA
ДЭВИД;DAVID
ДАТУНА;DATUNA
ДАТУНАШВИЛИ;DATUNASHVILI
МУРТАЗ;MURTAZ
ДАУШВИЛИ;DAUSHVILI
ГЕОРГИЯ;GEORGI
ДВАЛИ;DVALI
ДЖАБА;JABA
ДВАЛИШВИЛИ;DVALISHVILI
ДЕВАДЗЕ;DEVADZE
ХАТИЯ;KHATIA
ДЕКАНОИДЗЕ;DEKANOIDZE
ДЕКАНОСИДЗЕ;DEKANOSIDZE
ДЕЛИБАШ;DELIBASH
ДЕМЕТРАДЗЕ;DEMETRADZE
ИРАКЛИЙ;HERACLIUS
ДЖАБАДАРИ;DJABADARY
ГИВИ;GIVI
ДЖАВАХИШВИЛИ;JAVAKHISHVILI
ДЖАГАРЯН;DZHAGARYAN
ДЖАКОБИЯ;JAKOBIA
АЛЛА;ALLA
ДЖАЛИЛОВА;DZHALILOVA
ГРИГОРИЙ;GRIGOL
ДЖАМБАКУРИАН-ОРБЕЛИАНИ;ORBELIANI
ДЖАНДЖГАВА;DZHANDZHGAVA
МИНДИЯ;MINDIA
ДЖАНЕЛИДЗЕ;JANELIDZE
НАНА;NANA
ГРИГОРИЙ;GRIGORIY
ДЖАНШИЕВ;DZHANSHIEV
ДЖАПАРИДЗЕ;JAPARIDZE
ДЖАПАРИДЗЕ;JAFARIDZE
МЕДЕЯ;MEDEA
ТЕДО;TEDO
ДЖЕДЖЕЛАВА;JEJELAVA
ДЖЕДЖЕЛАВА;DZHEDZHELAVA
ДЖАМБУЛ;JAMBUL
ДЖИГАУРИ;JIGHAURI
ДЖИКИЯ;DZHIKIYA
ДЖИНДЖИХАШВИЛИ;DJIN
РОМАН;ROMAN
ДЖИНДЖИХАШВИЛИ;DZINDZICHASHVILI
МУРМАН;MURMAN
ДЖИНОРИЯ;JINORIA
ЛИАНА;LIANA
ДЖОДЖУА;JOJUA
ДЖОДЖУА;DZHODZHUA
АРЧИЛ;ARC`IL
ДЖОРДЖАДЗЕ;JORJAZE
ДЖОРДЖАДЗЕ;JORJADZE
ДЖОХАДЗЕ;JOXADZE
ДЖОХАДЗЕ;DZHOHADZE
ВИССАРИОН;VISSARION
ДЖУГАШВИЛИ;DZHUGASHVILI
ДЖУГЕЛИ;VALIKO
КОНСТАНТИНОВИЧ;JUGHELI
ДЗАМАШВИЛИ;DZAMASHVILI
ДЗНЕЛАДЗЕ;DZENELADZE
ДИДЕБУЛИДЗЕ;DIDEBULIDZE
ДИЛЬПЕСЕНД;DILPESEND
ЭФЕНДИ;KADIN
ДОБРОВОЛЬСКИЙ;DOBROVOLSKY
ДОВЛАТОВ;DOVLATOV
ДОЛИДЗЕ;DOLIDZE
КЕТИ;KETI
АЛЕКСАНДР;ALEXANDR
ДОЛУХАНЯН;DOLUKHANYAN
ТЕА;TEA
ДОНГУЗАШВИЛИ;DONGUZASHVILI
ДОЧАНАШВИЛИ;DOCHANASHVILI
ЮЛИЯ;JULIA
ДУБИНА;DUBINA
ДУБРОВСКИЙ-ЭШКЕ;DUBROVSKIY-ESHKE
ДУМБАДЗЕ;DUMBADZE
ТАРИЭЛ;TARIEL
ДУРДИАДЗЕ;DURDIADZE
ЕКАТЕРИНА;KATHERINA
ДУРЯН-АРМЕНЯН;DURYAN-ARMENYAN
ДЬЯЧКОВ;DYACHKOV
ЮРИЙ;YURIY
ЕВГЕНИДЗЕ;EVGENIDZE
ЕВЛАХОВ;YEVLAKHOV
ЕГИАЗАРОВ;YEGHIAZAROV
ЯНА;YANA
ЕГОРЯН;EGORIAN
АНДРО;ANDRO
ЕНУКИДЗЕ;ENUKIDZE
ЕПРИКЯН;YEPRIKYAN
ЛЕВОН;LEVON
ЕРАМЯН;YERAMYAN
ЕРЕМЯН;YEREMYAN
ЕРЗНКЯН;ERZINKYAN
ЕРИЦЯН;ERITSYAN
КИМ;KIM
ЕРИЦЯН;YERITSYAN
ДМИТРИЙ;DMITRI
ЕРМАКОВ;YERMAKOV
ЕРМОЛОВ;YERMOLOV
ЕФИМОВ;EFIMOV
АЛЬФОНС;ALFONS
ЖАБА;ZHABA
ЖВАНИЯ;ZHVANIA
ЖЕЛЯБУЖСКИЙ;ZHELYABUZHSKY
ЖИЖЧЕНКО;ZHIZHCHENKO
ЖОРДАНИЯ;JORDANIA
ИОСИФ;JOSEPH
НАНУКА;NANUKA
ЖОРЖОЛИАНИ;ZHORZHOLIANI
КИРИАК;KIRIAK
ЗАВРИЕВ;ZAVRIEV
ЯКОВ;HAKOB
ЗАГЮ;ZAGYU
АНДРЕЙ;ANDREI
ЗАЗРОЕВ;ZAZROYEV
ГЕННАДИЙ;GENNADI
ЗАЙЧИК;ZAICHIK
ЗАКАРЕЙШВИЛИ;ZAKAREISHVILI
ЗАЛКАЛИАНИ;ZAKALIANI
ЗАЛЬЦМАН;SALZMANN
АЛЬБЕРТ;ALBERT
ЗАРАНДИЯ;ZARANDIA
ЗАХАРОВ;ZAKHAROV
ЛАРИСА;LARISA
ЗАХАРОВА;ZAKHAROVA
ЗАХАРЬЯН;ZAKHARIAN
ЕКАТЕРИНА;EKA
ЗГУЛАДЗЕ;ZGULADZE
ЗДАНЕВИЧ;ZDANEVICH
ЗЕДГЕНИДЗЕ;ZEDGENIDZE
МИЛИЦА;MILITSA
ЗЁРНОВА;ZYORNOVA
ЗОДЕЛАВА;ZODELAVA
ЗУБОВ;ZUBOV
ЗУРАБОВ;ZURABOV
АРШАК;ARSHAK
ТЕЛЬМАН;TELMAN
ЗУРАБЯН;ZURABYAN
ИАШВИЛИ;IASHVILI
ИБРАГИМ;IBRAHIM
БЕЙ;BEY
РАЗУМНИК;RAZUMNIK
ИВАНОВ-РАЗУМНИК;IVANOV-RAZUMNIK
ИВАНОВ;ALEKSANDR
ПЕТРОВИЧ;IVANOV
ИВАНОВ;IVANOV
ИВАНЯН;IVANYAN
ИВАШКЕВИЧ;IVASHKEVICH
РЮРИК;RYURIK
ИВНЕВ;IVNEV
ИГИТЯН;IGITYAN
ИГНАТОВСКИЙ;IGNATOWSKI
ИЕТИМ;YETIM
ГУРДЖИ;GURDJI
АСКЕР;@SG@R
ИЗМАЙЛОВ;ISMAYILOV
ИЛАРИАНИ;ILARIANI
ИЛУРИДЗЕ;ILURIDZE
ИМЕДАШВИЛИ;IMEDASHVILI
ИМНАИШВИЛИ;IMNAISHVILI
ИНАШВИЛИ;INASHVILI
ИНЦКИРВЕЛИ;INTSKIRVELI
АБГАР;ABGAR
ИОАННИСИАНИ;HOVHANNISYAN
ИОАННИСЯН;HOVHANNISYAN
ИОНЕСЯН;IONESSIAN
ИОСЕЛИАНИ;IOSELIANI
ИОСЕЛИАНИ;IOSSELIANI
ИСАКАДЗЕ;ISAKADZE
ИСЕЛИДЗЕ;ISELIDZE
РАФАЕЛ;RAFAEL
ИСРАЕЛЯН;ISRAELYAN
МАГОМЕД;M@H@MM@D
ИСРАФИЛОВ;ISRAFILB@YLI
ИСРАЭЛЯН;ISRAYELYAN
ИСФАХАНЛЫ;ISFAHANLI
КАВЕЛАШВИЛИ;KAVELASHVILI
ЛИКА;LIKA
КАВЖАРАДЗЕ;KAVZHARADZE
КАВЛАШВИЛИ;KAVLASHVILI
КАВТАРАДЗЕ;KAVTARADZE
ЕВГЕНИЙ;EVGENII
КАГАРОВ;KAGAROV
ВАЛЕРИЙ;VALERY
КАДЖАЯ;KADZHAYA
ДАТА;DAVIT
КАДЖАЯ;KAJAIA
КАЗНИН;KAZNIN
КАЗЬМИНА;KAZMINA
КАЙДАРАШВИЛИ;KAIDARASHVILI
КАКАБАДЗЕ;KAKABADZE
КАКИЛАШВИЛИ;KAKILASHVILI
КАКУЛИЯ;KAKULIA
ОЛЬВАР;OLVAR
КАКУЧАЯ;KAKUCHAYA
ВЕЛИМИР;VELIMIR
КАЛАНДАДЗЕ;KALANDADZE
ВИССАРИОН;BESIK
КЕТЕВАН;KETEVAN
ЛЕВАН;LEVON
КАЛАНТАР;KALANTAR
КАЛАНТАРОВА;KALANTAROVA
КАЛАТОЗИШВИЛИ;KALATOZISHVILI
КАЛАТОЗОВ;KALATOZOV
ОКСАНА;OKSANA
КАЛАШНИКОВА;KALASHNIKOVA
ЗАХАРИЙ;ZAKHAR
КАЛАШОВ;KALASHOV
ЗАУР;ZAUR
КАЛОЕВ;KALOYEV
КАНДЕЛАКИ;KANDELAKI
ТИНА;TINA
КАНДИНАШВИЛИ;KANDINASHVILI
КАНКАВА;KANKAVA
ПИРУЗ;PIRUZ
КАНТЕЛАДЗЕ;KANTELADZE
КАНЧЕЛИ;KANCHELI
КАПАНАДЗЕ;KAPANADZE
КАПУРА;KAPURA
КОХТА;KOKHTA
КАРАЛАШВИЛИ;KARALASHVILI
КАРАПЕТЯН;KARAPETIAN
КАРАПЕТЯН;KARAPETYAN
КАРАХАН;KARAKHAN
КАРАШВИЛИ;KARASHVILI
МАРИЯ;MARY
КАРБЕЛАШВИЛИ;KARBELASHVILI
ДЕМИС;DEMIS
КАРИБИДИС;KARIBIDIS
МИХАИЛ;MICHAEL
КАРПОВИЧ;KARPOVICH
КАРТВЕЛИ;KARTVELI
КАРТВЕЛИШВИЛИ;KARTVELISHVILI
КАРТОЗИЯ;KARTOZIA
КАРУМИДЗЕ;KARUMIDZE
ГЕНРИХ;GENRIKH
КАСПАРЯН;KASPARYAN
КАСРАДЗЕ;KASRADZE
КАСЬЯН;KASYAN
АННА;HANNA
КАСЬЯНОВА;KASYANOVA
ЮРИЙ;IOURI
КАТАНОВ;KATANOV
КАТАНЯН;KATANYAN
КАТАНЯН;KATANJAN
КАУФМАН;KAUFFMANN
КАХЕЛАШВИЛИ;KAKHELASHVILI
КАХЕЛИШВИЛИ;KAKHELISHVILI
ИМЕДА;IMEDA
КАХИАНИ;KAKHIANI
КАХИДЗЕ;KAKHIDZE
ДЖАНСУГ;JANSUG
КАЦАРАВА;KACARAVA
КАЧАРАВА;K'ACH'ARAVA
КАЧАРАВА;KACHARAVA
КЕЙСАР;GEYSAR
КАШИЕВА;KASHIYEVA
КАШИЯ;KASHIA
ХВИЧА;KHVICHA
КВАРАЦХЕЛИЯ;KVARATSKHELIA
КВЕЛИАШВИЛИ;KVELIASHVILI
ЗИНАИДА;ZINAIDA
КВЕРЕНЧХИЛАДЗЕ;KVERENCHKHILADZE
КВИРИКАШВИЛИ;KVIRIKASHVILI
КВИРТИЯ;KVIRTIYA
КВИТАШВИЛИ;KVITASHVILI
ТЕМУР;TEMUR
КВИТЕЛАШВИЛИ;KVITELASHVILI
КВРИВИШВИЛИ;KVRIVISHVILI
КЕЗЕРАШВИЛИ;KEZERASHVILI
КЕКЕЛИДЗЕ;KEKELIDZE
КЕНИЯ;KENIA
КЕНЧАДЗЕ;KENCHADZE
КЕРВАЛИШВИЛИ;KERVALISHVILI
ЖАНЕТ;JANETA
КЕРДИКОШВИЛИ;KERDIKOSHVILI
РУДОЛЬФ;RUDOLF
КЕРЕР;KEHRER
КЕРЕСЕЛИДЗЕ;KERESELIDZE
КЕССЕНИХ;KESSENIKH
КЕТАШВИЛИ;KETASHVILI
КЕТОЕВ;KETOYEV
КИКАБИДЗЕ;KIKABIDZE
ЗУРАБ;ZURA
КИКАЛЕЙШВИЛИ;KIKALEISHVILI
КИКНАДЗЕ;KIKNADZE
КИЛАДЗЕ;KILADZE
РОЛАН;ROLAN
КИНКЛАДЗЕ;KINKLADZE
КИПИАНИ;KIPIANI
ГЕОРГИЙ;GEORGE
ТОРНИКЕ;TORNIKE
ЭДИШЕР;EDISHER
КИПШИДЗЕ;KIPSHIDZE
КИТОВАНИ;KITOVANI
ИОСИФ;SOS
КЛИДЖЯН;SOSYAN
СТАНИСЛАВ;STANISLAV
КЛИМЕНКО;KLIMENKO
КЛИМИАШВИЛИ;KLIMIASHVILI
КНИППЕР;KNIPPER
КОБАЛАДЗЕ;KOBALADZE
КОБАХИДЗЕ;KOBAKHIDZE
КОБЕРИДЗЕ;KOBERIDZE
КОБИАШВИЛИ;KOBIASHVILI
КОБУЛИЯ;KOBULIA
АМАЯК;AMAYAK
КОБУЛОВ;KOBULOV
БОГДАН;BOGDAN
КОВАЛЬ;KOVAL
КОГУАШВИЛИ;KOGUASHVILI
КОЗЛОВ;KOZLOV
КОКОРЕВ;KOKOREV
КОКОЧАШВИЛИ;KOKOCHASHVILI
КОНДАХСАЗОВ;KONDAKHSAZOV
ГАРУШ;GARUSH
КОНСТАНТИНОВ;KONSTANTINOV
КОПИН;KOPIN
КОПЦОВ;KOPTSOV
КОРГАЛИДЗЕ;KORGALIDZE
КОРГАЛИДЗЕ;KORGHALIDZE
КОРГАНОВ;KORGANOV
ОВАНЕС;HOVHANNES
КОРГАНЯН;GHORGANYAN
КОРИДЗЕ;KORIDZE
КОРСАНТИЯ;KORSANTIA
ЙОНА;YONA
КОСАШВИЛИ;KOSASHVILI
КОСТАВА;KOSTAVA
АЙКАЗ;HAJKAZ
КОСТАНЯН;KOSTANIAN
КОТАНДЖЯН;KOTANJYAN
КОТЕТИШВИЛИ;KOTETISHVILI
КОТРИКАДЗЕ;KOTRIKADZE
ИРАКЛИЙ;IRAKLY
КОХАДЗЕ;KOKHADZE
КОЧАР;KOCHAR
ЕРВАНД;YERVAND
НИКА;NIKA
КОЧАРОВ;KOCHAROVI
КОЧАРЯН;KOCHARYAN
КОЧЛАВАШВИЛИ;KOCZLAWASZWILI
КОЧОРАШВИЛИ;KOCHORASHVILI
КРАББЕ;KRABBE
АНДРЕЙ;ANDREY
КРАСНОВ;KRASNOV
КРЕНКЕ;KRENKE
КАРЛО;KARLO
КРУАШВИЛИ;KRUASHVILI
КУДИНОВ;KUDINOV
КУЗНЕЦОВ;KUZNETSOV
ЕЛЕНА;YELENA
КУЗЬМИНА;KUZMINA
КЛАВДИЯ;KLAVDIYA
КУЛИДЖАНОВ;KULIDZHANOV
АЛЕКПЕР;ALEKPER
КУЛИЕВ;QULIYEV
ПАВЕЛ;POVILAS
КУЛЬВЕЦ;KULVIETIS
КУМСИШВИЛИ;KUMSISHVILI
СТАНИСЛАВ;STANISLAW
КУНИЦКИЙ;KUNICKI
КУПАТАДЗЕ;KUPATADZE
ЛАЗАРЕ;LAZARE
КУРАШВИЛИ;KURASHVILI
КУРДИАНИ;KURDIANI
ГЕГА;GEGA
КУРЦИКИДЗЕ;KURTSIKIDZE
АПОЛЛОН;APOLLON
КУТАТЕЛАДЗЕ;KUTATELADZE
КУЦИЯ;KUTSIA
КУШПЕЛЕВ;KUSHPELEV
КЮНЕР;KIOUNER
АРТУР;ARTUR
КЮЧАРИАНЦ;KYUCHARIANTS
ЛАБАДЗЕ;LABADZE
ЛАВРОВСКИЙ;LAVROVSKY
ЛАЗАРЕВ;LAZAREV
ЯКОВ;YAKOV
ЛАЦАБИДЗЕ;LATSABIDZE
ЛАШКАРАШВИЛИ;LASJKARASJVILI
ЛЕВАНДОВСКИЙ;LEVANDOVSKY
ЛЕВАШОВ-ТУМАНОВ;LEVASHOV-TUMANOV
ДЖУМБЕР;JUMBER
ЛЕЖАВА;LEJAVA
ЛЕКИШВИЛИ;LEKISHVILI
ЛЕКСОВСКИЙ;LEKSOVSKY
ЕЛИЗАВЕТА;ELISABETH
ЛЕОНСКАЯ;LEONSKAJA
ЛИПАРТИЯ;LIPARTIA
ЛИСИЦИАН;LISITSIAN
СРБУИ;SRBUI
ЛИСИЦИАН;LISITSYAN
ЛИТВИНОВ;LITVINOV
САБА;SABA
ЛОБЖАНИДЗЕ;LOBZHANIDZE
ЛОБЖАНИДЗЕ;LOBJANIDZE
ЗОЯ;ZOYA
ЛОДИЙ;LODY
ЭНРИ;ENRI
ЛОЛАШВИЛИ;LOLASHVILI
ЛОМАЯ;LOMAIA
ЛОМИДЗЕ;LOMIDZE
ЛЕВАН;LEVANI
ЛАМИНАДЗЕ;LOMINADZE
ЛОМИНЕЙШВИЛИ;LOMINEISHVILI
ЛОМУРИ;LOMOURI
ЯРОСЛАВ;YAROSLAV
ЛОПАТИНСКИЙ;LOPATINSKII
ЛОРДКИПАНИДЗЕ;LORTKIPANIDZE
ГРИГОРИЙ;GIGA
ЛОРТКИПАНИДЗЕ;LORDKIPANIDZE
ЛОРДКИПАНИДЗЕ;LORDKIPANIDZE
ХАТУНА;KHATUNA
ЛОРИГ;LORIG
ЛОРИС-МЕЛИКОВ;LORIS-MELIKOV
ЛОРИЯ;LORIA
БЕРТОЛЬД;BERTHOLD
ЛЮБЕТКИН;LUBETKIN
ЛУКАВА;LUKAVA
ЛЮСИК;LJUSSIK
ЛИСИНОВА;LISSINOWA
ЛЯХОВСКИЙ;LYAKHOVSKY
МАГАКЬЯН;MAGAKYAN
МАГАЛАШВИЛИ;MAGHALASHVILI
МАГРАДЗЕ;MAGRADZE
МАГРАДЗЕ;MAGHRADZE
МИКАЭЛ;MICHAEL
МАЗМАНЯН;MAZMANYAN
МАЗУРЕНКО;MAYA
ТИМОФЕЕВНА;MAZURENKO
АНТОН;ANTON
МАИЛЯН;MAYILYAN
МАИСАШВИЛИ;MAISASHVILI
МАИСУРАДЗЕ;MAISURADZE
БАДРИ;BADRI
МАЙСУРАДЗЕ;MAISURADZE
МАЙСУРЯН;MAYSURYAN
МАЙСУРЯН;MAISURYAN
МАКАРЕВИЧ;MAKAREVICH
МАКАРИДЗЕ;MAKARIDZE
МАКИЕВ;MAKIEV
МАЛАГУРАДЗЕ;MALAGHURADZE
МАЛИ;MALI
РОМУАЛЬД;ROMUALD
МАЛИНОВСКИЙ;MALINOWSKI
АРКАДИЙ;ARKADY
МАЛИСОВ;MALISOV
МАЛХАСЯН;MALKHASSIAN
МАМАДАШВИЛИ;MAMADASHVILI
МАМАЛАДЗЕ;MAMALADZE
МАМАРДАШВИЛИ;MAMARDASHVILI
ШОВКЕТ;SHOVKAT
МАМЕДОВА;MAMMADOVA
МАМУКАШВИЛИ;MAMUKASHVILI
МАМУЛАШВИЛИ;MAMULASHVILI
МАМУЛИЯ;MAMULIYA
РУБЕН;ROUBEN
МАМУЛЯН;MAMOULIAN
МАНАГАДЗЕ;MANAGADZ
МАНАГАДЗЕ;MANAGADZE
ЯША;YASHA
МАНАШЕРОВ;MANASHEROV
МАНВЕЛЯН;MANVELYAN
ИДА;IDA
МАНДЕНОВА;MANDENOVA
МАНТАШЕВ;MANTASHEV
МАНУСОВ;MANUSOV
МАРГВЕЛАШВИЛИ;MARGHVILASHVILI
МАРГИАНИ;MARGIANI
КАЗБЕК;KAZBEK
МАРГИШВИЛИ;MARGISHVILI
МАРК;MARK
ДАЛЕТ;DALET
МАНУЧАР;MANUCHAR
МАРКОИШВИЛИ;MARKOISHVILI
МАРЦВАЛАДЗЕ;MARTSVALADZE
МАРЦЕВИЧ;MARTSEVICH
МАСЕВИЧ;MASEVICH
МАТВЕЕВ;MATVEYEV
МАТИНЯН;MATINYAN
МАТКОВСКИЙ;MATKOVSKY
КАХА;KAKHI
МАХАРАДЗЕ;MAKHARADZE
КОНСТАНТИН;KOTE
ГЕОРГИЙ;GEORGES
МАЧАБЕЛИ;MATCHABELLI
КИТИ;KITTY
МАЧАБЕЛИ;MACHABELI
МАЧАБЕЛИ;MIKHEIL
МИХАИЛ;MACHABELI
ЦОТНЭ;TSOTNE
МАЧАВАРИАНИ;MACHAVARIANI
МАЧАИДЗЕ;MACHAIDZE
МГАЛОБЛИШВИЛИ;MGALOBLISHVILI
МГЕЛАДЗЕ;MGELADZE
КАРАМАН;KARAMAN
МДИВАНИ;MDIVANI
МАРИНА;MARINA
МДИВАНИ;GOGLIDZE-MDIVANI
БУДУ;POLIKARP
ЭЛЕРУ;ELERU
ЭФЕНДИ;EFENDI
МЕГВИНЕТУХУЦЕСИ;MEGVINETUKHUTSESI
ЖОРЕС;ZHORES
МЕДВЕДЕВ;MEDVEDEV
РОЙ;ROY
АКАКИЙ;AK'AK'I
МЕЙПАРИАНИ;MEIPARIANI
МЕКВАБИШВИЛИ;MEKVABISHVILI
МЕЛИАВА;MELIAVA
ГРИГОРИЙ;GRIGORI
МЕЛИК-АВАКЯН;MELIK-AVAKYAN
МЕЛИК-ПАШАЕВ;MELIK-PASHAYEV
МЕЛИКИШВИЛИ;MELIKISHVILI
МЕЛИКОВ;MELIKOV
МЕЛИКОВ;MELIKISHVILI
МЕЛИКСЕТ-БЕК;MELIKSET-BEK
АЛЕКСАНДР;ALEKSANDER
МЕЛИКЯН;MELIKYAN
МЕЛИЯ;MELIA
МЕЛКАДЗЕ;MELKADZE
МЕНАГАРИШВИЛИ;MENAGARISHVILI
МЕРЕБАШВИЛИ;MEREBASHVILI
МЕСХИ;MESKHI
МЕСХИДЗЕ;MESKHIDZE
АЛЕКСАНДР;ALEX
МЕТРЕВЕЛИ;METREVELI
АЛЕКО;ALEKO
МЗЕВАШВИЛИ;MZEVASHVILI
АЛОИЗИЙ;ALOIZY
МИЗАНДАРИ;MIZANDARY
ВАЖА;MIKABERIDZE
МИКАБЕРИДЗЕ;VAJA
МИКАЕЛЯН;ALEXANDER
ЛЬВОВИЧ;MIKAYELYAN
МИКЕЛАДЗЕ;MIKELADZE
НАМИ;NAMI
МИКОЯН;MIKOYAN
СТЕПАН;STEPHEN
МИЛАЕВ;MILAYEV
МИЛАШЕВСКИЙ;MILASHEVSKY
МИЛОРАВА;MILORAVA
МИНАСЯН;MINASYAN
МИНАШВИЛИ;MINASHVILI
МИНДИАШВИЛИ;MINDIASHVILI
МИНЬЯР-БЕЛОРУЧЕВ;MINYAR-BELORUCHEV
МАРИЯ;MIRZOEVA
МИРЗОЕВА;MOISEEVNA
ВИЛЬ;VIL
МИРИМАНОВ;MIRIMANOV
МИХАЙЛОВ;MIKHAJLOV
КОНСТАНТИН;KONSTANTIN
МИХАЙЛОВ;MIKHAILOV
МИШАТКИН;MISHATKIN
МОВСЕСЯН;MOVSESIAN
АЛЕКСЕЙ;ALEX
МОДЕБАДЗЕ;MODEBADZE
МОДЗАЛЕВСКИЙ;MODZALEVSKIY
ВАДИМ;VADIM
МОДЗМАНАШВИЛИ;MODZMANASHVILI
СТЕФАН;STEFAN
МОКУЛЬСКИЙ;MOKULSKY
АМИРХАН;AMIRKHAN
МОРИ;MORI
АКА;AKA
МОРЧИЛАДЗЕ;MORCHILADZE
МОСЕШВИЛИ;MOSESHVILI
МОСИДЗЕ;MOSIDZE
МУДЖИРИ;MUJIRI
АЛЕКСЕЙ;ALEKSEI
МУРАВЛЁВ;MURAVLYOV
МУРАД;MURAD
ROMEO;ROMEO
MURADYAN;MURADYAN
МУРАТОВА;MURATOVA
МУРВАНИДЗЕ;MURVANIDZE
ТЕЙМУРАЗ;MURAZ
МУСХЕЛИШВИЛИ;MUSKHELISHVILI
МУХАДЗЕ;MUKHADZE
МУХАРИНСКАЯ;LIDZIYA
САУЛОВНА;MUKHARYNSKAYA
ЗЕЛИМХАН;ZELIMKHAN
МУЦОЕВ;MUTSOYEV
МХЕИДЗЕ;MKHEIDZE
ОГАНЕЗ;OGANEZ
МХИТАРЯН;MKHITARYAN
МЧЕДЛИДЗЕ;MCHEDLIDZE
МЧЕДЛИШВИЛИ;MCHEDLISHVILI
МЧЕДЛОВ;MCHEDLOV
МШВЕЛИДЗЕ;MSHVELIDZE
МШВЕНИЕРАДЗЕ;MSHVENIYERADZE
НАВАЛОВСКИЙ;NAVALOVSKI
ГИА;GIA
НАДАРЕИШВИЛИ;NADAREISHVILI
НАДИРАДЗЕ;NADIRADZE
ФОМА;TOVMAS
НАЗАРБЕКОВ;NAZARBEKIAN
НАЗАРОВ;NAZAROV
ЛЕМИК;LEMIK
СТЕПАНОС;STEPANOS
НАЗАРЯН;NAZARIAN
НАКАШИДЗЕ;NAKASHIDZE
АРПЕНИК;ARPENIK
НАЛБАНДЯН;NALBANDYAN
НАМГАЛАУРИ;NAMGALAURI
НАРИМАНИДЗЕ;NARIMANIDZE
СУЛХАН;SULCHAN
НАСИДЗЕ;NASIDZE
НАТЕЛАШВИЛИ;NATELASHVILI
НАТИШВИЛИ;NATISHVILI
НЕБИЕРИДЗЕ;NEBIERIDZE
ОЛЕГ;OLEG
НЕЙКИРХ;NEIKIRCH
НЕМИРОВИЧ-ДАНЧЕНКО;NEMIROVICH-DANCHENKO
НЕМСАДЗЕ;NEMSADZE
НЕПРИНЦЕВ;NEPRINTSEV
БАБКЕН;BABKEN
НЕРСЕСЯН;NERSISYAN
НЕУЙМИН;NEUJMIN
НЕХОРОШЕВ;NEKHOROSHEV
СОФИЯ;SOFIA
НИЖАРАДЗЕ;NIZHARADZE
НИКИТИН;NIKITIN
ВАЛЕНТИН;VALENTIN
ЭЛЬВИРА;ELVIRA
НИКИТИНА;URUSOVA
НИКОЛАИШВИЛИ;NIKOLAISHVILI
РАЧВЕЛИ;RACHVELI
ИЯ;IA
НИНИДЗЕ;NINIDZE
НИНУА;NINUA
ИРМА;IRMA
НИОРАДЗЕ;NIORADZE
НИШНИАНИДЗЕ;NISHNIANIDZE
ДИНАРА;DINARA
НОДИА;NODIA
НОЗАДЗЕ;NOZADZE
НОСОВА;MARIANNA
АЛЕКСАНДРОВНА;IAZEPTCHIK
СЕРГЕЙ;SERGE
ОБОЛЕНСКИЙ;OBOLENSKY
НАР;NAR
ОВАНИСЯН;OVANISYAN
АГАФОН;AGHATON
ОВНАТАНЯН;HOVNATANIAN
АКОП;HAKOB
ОВНАТАНЯН;HOVNATANYAN
МКРТУМ;MKRTOUM
ОГАНЕСЯН;HOVHANNISYAN
ОГАНОВ;OGANOV
ОДИКАДЗЕ;ODIKADZE
ВАЖА;VASHA
ОКИТАШВИЛИ;OKITASHVILI
ОКРОСЦВАРИДЗЕ;OKROS
АДАМ;ADAM
ОКРУАШВИЛИ;OKRUASHVILI
ОМАНИДЗЕ;OMANIDZE
ЛЕОН;LEON
ОНИКОВ;ONIKOV
СЕРГЕЙ;SERGO
ОРБЕЛАДЗЕ;ORBELADZE
ОРБЕЛИАНИ;ORBELIANI
ОСТРОВСКИЙ;OSTROVSKY
ОТИЕВА;OTIEVA
ОТХМЕЗУРИ;OTKHMEZURI
ПААТАШВИЛИ;PAATASHVILI
ПАВЛОВ;PAVLOV
ВЕРА;VERA
ПАГАВА;PAGAVA
ПАЛАВАНДИШВИЛИ;PALAVANDISHVILI
ПАЛИБИН;PALIBIN
АНИ;ANI
ПАЛЯН;PALYAN
ПАНДЖИКИДЗЕ;PANJIKIDZE
ПАНЦУЛАЯ;PANTSULAIA
ВЛАДИМИР;VLADIMER
ПАПАВА;PAPAVA
ПАПАШВИЛИ;PAPASHVILI
ПАПУНАИШВИЛИ;PAPUNASHVILI
ПАПЯН;PAPJAN
ПАРАДЖАНОВ;PARADZHANOV
ПАРАДЖАНОВ;PARAJANOV
ПАРРА;PARRA
ПАРУЛАВА;PARULAVA
ПАРЦВАНИЯ;PARTSVANIYA
ПАРЦХАЛАДЗЕ;PARTSKHALADZE
ПАТАРИДЗЕ;PATARADZE
ПАТАРКАЦИШВИЛИ;PATARKATSISHVILI
ПАЦАЦИЯ;PATSATSIA
ЗАЗА;ZAZA
ПАЧУЛИЯ;PACHULIA
ПЕРТИЯ;PERTIA
ПЕСОВ;PESOV
ПЕТВИАШВИЛИ;PETVIASHVILI
АЛЕКСЕЙ;ALEKSI
ПЕТРИАШВИЛИ;PETRIASHVILI
ПЕТРОВ;PETROV
ПЕТРОВА;PETROVA
ТИГРАН;TIGRAN
ПЕТРОСЯН;PETROSIAN
РИЧАРД;RICZARD
ПИКЕЛЬ;PINKEL
ПИЛИЕВ;PILIYEV
ПИРУМОВ;PIRUMOV
ЖОРЖ;GEORGES
ПИТОЕВ;PITOEFF
ЛЮДМИЛА;LUDMILLA
ПИТОЕВА;PITOEFF
ПОЛОЛИКАШВИЛИ;POLOLIKASHVILI
ПОЛТОРАЦКИЙ;POLTORATSKY
ПОЛУЛЯХ;POLULIAKHI
ПОЦХВЕРИЯ;POTSKHVERIA
ПРИДОНИШВИЛИ;PRIDONISHVILI
ВАЛЕРИЯ;VALERIJA
ПРОКОП;PROKOP
ПРОХАНОВ;WRITER
МАРГАРИТА;MARGARITA
ПУШКИНА;PUSHKINA
НОРА;NORA
ПФЕФФЕР;PFEFFER
ТАМРИ;TAMRI
ПХАКАДЗЕ;PKHAKADZE
ВИКТОРИЯ;VICTORIA
РАВВА;RAVVA
РАЗУВАЕВ;RAZUVAYEV
НИНА;NINO
РАМИШВИЛИ;RAMISHVILI
РАТИАНИ;RATIANI
РАТНЕР;RATNER
РАФАЭЛЯНЦ;RAFAELIANTS
РАЦЕР;RATSER
АНИТА;ANITA
РАЧВЕЛИШВИЛИ;RACHVELISHVILI
РЕВИШВИЛИ;REVISHVILI
АЛЕКСАНДРА;ALEKSANDRA
РЕМИЗОВА;REMIZOVA
РЕХВИАШВИЛИ;REKHVIASHVILI
СЕРАФИМ;SERAFIM
РОЖДЕСТВЕНСКИЙ;ROZHDESTVENSKIY
ИППОЛИТ;HIPPOLYTE
РОМАНОВ;ROMANOV
РОССИНСКИЙ;ROSSINSKIY
РОТИНЯН;ROTINYAN
РУБЕНОВ;RUBENOV
РУДАКОВ;RUDAKOV
РУДЕНКО;RUDENKO
РУСТАМ;ROUSTAM
РАЗА;RAZA
РУХАДЗЕ;RUKHADZE
РЧЕУЛИШВИЛИ;RCHEULISHVILI
ВАЛЕРИАН;VALERIAN
РЫКОВ;RYKOV
СААКАШВИЛИ;SAAKASHVILI
САБИНИН;SABININ
ЗИНОВИЙ;ZINOVY
САГАЛОВ;  SAGALOV
САГАРАДЗЕ;SAGARADZE
САКВАРЕЛИДЗЕ;SAKVARELIDZE
САЛАМБЕКОВ;SALAMBEKOV
САЛУКВАДЗЕ;SALUKVADZE
САМУИЛ;SAMUIL
САМОСУД;SAMOSUD
САМСОНИЯ;SAMSONIA
САМУРКАСОВИ;SAMURKASOVI
САНАДЗЕ;SANADZE
МОВСУН;MOHSUN
САНАНИ;SANANI
САНДОХАДЗЕ;SANDOKHADZE
САНИКИДЗЕ;SANIKIDZE
ТАМАР;TAMAR
САРАДЖИШВИЛИ;SARAJISHVILI
ИРИНА;IRINE
САРИШВИЛИ-ЧАНТУРИЯ;SARISHVILI-CHANTURIA
САРКИСОВ;SARKISOV
САТИНЕ;SATINE
САФАРОВ;SAFAROV
САХАРОВА;SACHAROFF
СВАНИДЗЕ;SVANIDZE
СВАСЬЯН;SWASSJAN
СВЕНТИЦКИЙ;SVENTITSKII
СЕВЕРОВ;SEVEROVE
СЕЙРАНЯН;SEYRANYAN
СЕМАК;SEMAK
СЕМЁНОВ;SEMYONOV
СЕРГЕЕВ;SERGEYEV
СЕРЁГИН;SERYOGIN
СЕТУРИДЗЕ;SETURIDZE
МЗИЯ;MZIA
СИМОНИШВИЛИ;SIMONISHVILI
НОДАРИ;NODARI
СИМОНИЯ;SIMONIYA
СИМОНЯН;SIMONYAN
МИХЕИЛ;MIKHEIL
ТАМАРА;TAMRIKO
СИПРАШВИЛИ;SIPRASHVILI
СИРАДЗЕ;SIRADZE
СИРБИЛАДЗЕ;SIRBILADZE
ГИВИ;GUIVI
СИСАУРИ;SISSAOURI
ВАСИЛ;VASIL
СИХАРУЛИДЗЕ;SIKHARULIDZE
СИДОР;SIDOR
СЛЮСАРЕВ;SLYUSAREV
СОЛОНИН;SOLONIN
COНГУЛАШВИЛИ;SONGULASHVILI
СОФИ;SOPHIE
ВИЛЛИ;VILLY
СОХАДЗЕ;SOKHADZE
СПАНДАРЯН;SPANDARYAN
СПАНДЕРАШВИЛИ;SPANDERASHVILI
СПЕКТОР;SPEKTOR
СТИШИНСКИЙ;STISHINSKY
СТРИЖАКОВ;STRIZHAKOV
СТУРУА;STURUA
МЭЛОР;MELOR
БЕННИ;BENNY
СУДАКОВ;SUDAKOV
СУЛАКАУРИ;SULAKAURI
СУМБАТАШВИЛИ;SUMBATASHVILI
ГАБРИЕЛ;GABRIEL
СУНДУКЯН;SUNDUKIAN
КОТЕ;KOTE
СУРМАВА;SURMAVA
ИЛЬЯ;ILIKO
СУХИШВИЛИ;SUKHISHVILI
БОЛЕСЛАВ;BOLESLAV
СХИРТЛАДЗЕ;SKHIRTLADZE
ТАБУКАШВИЛИ;TABUKASHVILI
ТАВАДЗЕ;TAVADZE
ТАВХЕЛИДЗЕ;TAVKHELIDZE
ТАДЕВОСЯН;TADEVOSYAN
АДЕЛЬ;ADEL
ТАДЕВОСЯН;TADEVOSSYAN
ТАКТАКИШВИЛИ;TAKTAKISHVILI
ШАРА;SHARA
ТАЛЬЯН;TALEAN
ТАМАМШЕВ;TAMAMSHYAN
ТАМАМШЯН;TAMAMSHYAN
АКИМ;AKIM
ТАМИРОВ;TAMIROFF
ТАРГАМАДЗЕ;TARGAMADZE
МИКАЭЛ;MIKAEL
ТАРИВЕРДИЕВ;TARIVERDIEV
ТАРСАИДЗЕ;TARSAIDZE
ТАРХАНОВ;TARKHANOV
ДИМИТРИ;DIMITRI
ТАТАНАШВИЛИ;TATANASHVILLI
ШАГЕН;SHAHEN
ТАТИКЯН;TATIKYAN
ТАТИШВИЛИ;TATISHVILI
НОДИКО;NODIKO
ЦИСАНА;TSISANA
ДАРЕЖАН;DAREJAN
ТВАЛТВАДЗЕ;TVALTVADZE
ТЕВДОРАДЗЕ;TEVDORADZE
ТЕВЗАДЗЕ;TEVZADZE
СОЛОМОН;SOLOMON
ТЕЛИНГАТЕР;TELINGATER
АНУШАВАН;ANUSHAVAN
ТЕР-ГЕВОНДЯН;TER-GHEVONDYAN
ТЕР-МАРТИРОСЯН;TER-MARTIROSIAN
МИХАИЛ;MICHAIL
ТЕР-МИКАЕЛЯН;TER-MIKAELJAN
ВАРТАН;VARTAN
ТЕР-ОГАНЕЗОВ;TER-OGANEZOV
ЭЛЕОНОРА;ELEONORA
ТЕР-ПАРСЕГОВА-МАХВИЛАДЗЕ;TER-PARSEGOVA-MAKHVILADZE
ГЕВОРК;GEORGE
ТЕР-СТЕПАНЯН;TER-STEPANIAN
ТЕР-ТАДЕВОСЯН;TER-TADEVOSYAN
АРЗАС;ARSHAK
ТЕРГУКАСОВ;TER-GUKASOV
ЕЛЕНА;HEGHINE
ТЕРЬЯН-КОРГАНОВА;GHORGHANYAN
ТЕТРАШВИЛИ;TETRASHVILI
ЕКАТЕРИНА;EKATRINE
ТИКАРАДЗЕ;TIKRADZE
ТКЕБУЧАВА;TKEBUCHAVA
ЭКА;EKA
ТКЕШЕЛАШВИЛИ;TKESHELASHVILI
ТОВСТОНОГОВ;TOVSTONOGOV
ЕКАТЕРИНА;EKATERINE
ТОГОНИДЗЕ;TOGONIDZE
ТОДУА;TODUA
ТОИДЗЕ;TOIDZE
МОИСЕЙ;MOSE
ИЛЬМАР;ILMAR
ТОМСОН;TOMSON
ГУРГЕН;GURGEN
ТОНУНЦ;TONUNTS
ТОПУРИДЗЕ;TOPURIDZE
КЕТИ;KATY
ТОПУРИЯ;TOPURIA
АЛИМАРДАН-БЕК;ALIMARDAN
ТОПЧИБАШЕВ;TOPCHUBASHOV
ТОРАДЗЕ;TORADZE
ТОТИБАДЗЕ;TOTIBADZE
КОСТАНТИН;KONSTANTIN
ТРАПАИДЗЕ;TRAPAIDZE
ТАТЬЯНА;TATJANA
ТРОИЦКАЯ;TROIZKAJA
ТРОНОВ;TRONOV
ТУГУШИ;TUGUSHI
ТУЛАШВИЛИ;TULASHVILI
ТУЛЬКЕС;TULKES
АНАСТАСИЯ;ANASTASIA
ТУМАНИШВИЛИ-ЦЕРЕТЕЛИ;TUMANISHVILI-TSERETELI
ТУМАНИШВИЛИ;TUMANISHVILI
ТУМАНОВ;TUMANOV
ТУНКИНА;TUNKINA
ТУТАКАЕВ;TUTAKAYEV
ТУТБЕРИДЗЕ;TUTBERIDZE
УБИЛАВА;UBILAVA
УГРЕХЕЛИДЗЕ;UGREKHELIDZE
УГУЛАВА;UGULAVA
УДУМАШВИЛИ;ZAAL
ЗААЛ;UDUMASHVILI
ЗАХАРИЙ;ZAQAR
УМИКОВ;UMIKOV
НЕРСЕС;NERSES
УРУШАДЗЕ;URUSHADZE
АСЛАН;ASLAN
УСОЯН;USOYAN
УСТЯН;USTIAN
РАМИЛЯ;RAMILA
УСУБОВА;YUSUBOVA
ГАРРИ;GARRY
ФАЙФ;FAIF
ХРИСТИНА;CHRISTINA
ФАЛАСИНИДИ;THALASSINIDOU
ФАНАРДЖЯН;FANARDJYAN
АКОП;AKOP
ФАРАДЖЯН;FARADZHYAN
РАИСА;RAISA
ФЛОРЕНСКАЯ;FLORENSKAYA
ФРОЛОВ;FROLOV
ХАБЕЛОВ;KHABELOV
ХАГАГОРТЯН;KHAGAGORTYAN
ХАДУРИ;KHADURI
ХАЗАРАДЗЕ;KHAZARADZE
ГЕОРГИЙ;GOGA
ХАИНДРАВА;KHAINDRAVA
ХАНУМЯН;KHANUMYAN
ЕВГЕНИЙ;EVGENI
ХАРАДЗЕ;KHARADZE
ДАВИД;DAVITI
ХАРАЗИШВИЛИ;KHARAZISHVILI
АМО;AMO
ХАРАЗЯН;KHARAZYAN
КЕТЕВАН;KATEVAN
ХАРАИДЗЕ;KHARAIDZE
ХАСАЯ;KHASAYA
ХАТИАШВИЛИ;KHATIASHVILI
ХАТИСОВ;KHATISIAN
ГАЯНЭ;GAYANE
ХАЧАТУРЯН;KHACHATURIAN
ХВАДАГИАНИ;KHVADAGIANI
ХЕТАГУРИ;KHETAGURI
ХИДАШЕЛИ;KHIDASHELI
ХИДЕШЕЛИ;KHIDESHELI
ХИЗАНЕЙШВИЛИ;KHIZANEISHVILI
ХИЗАНИШВИЛИ;KHIZANISHVILI
ХИНТИБИДЗЕ;KHINTIBIDZE
КЕТЕВАН;KETI
ХИТИРИ;KHITIRI
ХМАЛАДЗЕ;KHMALADZE
ХНКОЯН;KHNKOYAN
ХОДЖАБЕГОВ;KHOJABEKYAN
ХОДЖАВА;KHOJAVA
ХОМЕРИКИ;KHOMERIKI
ХОХАШВИЛИ;KHOKHASHVILI
ХОЧОЛАВА;KHOCHOLAVA
ХОШТАРИЯ;KHOSHTARIA
ХУГАШВИЛИ;KHMIADASHVILI
КАРИНЕ;KARINE
ХУДАБАШЯН;KHUDABASHYAN
ТЕЙМУРАЗ;THEIMURAZ
ХУРЦИЛАВА;KHURTSILAVA
ХУСКИВАДЗЕ;KHUSKIVADZE
МАРЛЕН;MARLEN
ХУЦИЕВ;KHUTSIEV
АЛЕКСАНДР;ALEKO
ЦАБАДЗЕ;TSABADZE
ЦАГАРЕЛИ;TSAGARELI
ЦВАРИАНИ;TSVARIANI
ЦЕЙТЛИН;TSEITLIN
ЦЕРЕТЕЛИ;TSERETELI
ГИГИ;GIGI
ЦЕРЕТЕЛИ;CERET'ELI
КОРА;KORA
ЦЕРЕТЕЛИ;CERETELI
ДЖЕМАЛ;DZHEMAL
ЦЕРЦВАДЗЕ;TSERTSVADZE
ЦИКЛАУРИ;TSIKLAURI
ЦИКОЛИЯ;TSIKOLIA
ЦИНАМДЗГВРИШВИЛИ;TSINAMDZGVRISHVILI
ЦИНЦАДЗЕ;TSINTSADZE
ДИТО;DITO
ЦИСКАРИДЗЕ;TSISKARIDZE
ЦИСКАРИШВИЛИ;TSISKARISHVILI
ПЕТРЕ;PETRE
ЦИХИСЕЛИ;TSIKHISELI
ЦИЦИАШВИЛИ;TSITSIASHVILI
ЦИЦИШВИЛИ;TSITSISHVILI
ЦКАРОЗИЯ;TSKAROZIA
ЦКИТИШВИЛИ;TSKITISHVILI
МАЙЯ;MAYA
ЦОТАДЗЕ;TSOTADZE
ТЕЯ;TEA
ЦУЛУКИАНИ;TSULUKIANI
ЛЕЛА;LELA
ЦУРЦУМИЯ;TSURTSUMIA
ЧАБУКИАНИ;CHABUKIANI
ЧАВЧАВАДЗЕ;CHAVCHAVADZE
ЧАГЕЛИШВИЛИ;CHAGELISHVILI
ЧАКВЕТАДЗЕ;CHAKVETADZE
ЧАЛАДЗЕ;CHALADZE
ВАРДАН;VARDAN
ЧАМЧИЯН;TCHAMTCHIAN
ЧАНТУРИЯ;CHANTURIA
СУРЕН;SOUREN
ЧАРЕКЯН;CHAREKYAN
ПАВЛЕ;PAVLE
ЧАРКВИАНИ;CHARKVIANI
ЮЗЕФ;YUZEF
ЧАРСКИЙ;CHARSKI
ГЕОРГИ;GEORGE
ЧАКХАВА;CHAKHAVA
ЧАХВАДЗЕ;CHAKHVADZE
ЧЕЛИДЗЕ;CHELIDZE
ВАРЛААМ;VARLAM
ЧЕРКЕЗИШВИЛИ;CHERKEZISHVILI
ВАЛЕРИЙ;VALERIY
ЧЕЧЕЛАШВИЛИ;CHECHELASHVILI
ЧИАБЕРАШВИЛИ;TCHIABERASHVILI
ЧИАУРЕЛИ;CHIAURELI
СОФИКО;SOFIKO
ЧИБУХЧЯН;CHIBUKHCHIAN
ЧИГОГИДЗЕ;CHIGOGIDZE
ЧИЗМАДЖЕВ;CHIZMADZHEV
ЧИКАДЗЕ;CHIKADZE
ЧИКВАИДЗЕ;CHIKVAIDZE
ЧИКОВАНИ;CHIKOVANI
ДЖОРДЖ;GEORGE
ЧИЛИНГАР;CHILINGAR
ЧИМИШКЯН;CHIMISHKYAN
ЧИТАЯ;CHITAYA
ЧИЧВЕЙШВИЛИ;CHICHVEISHVILI
ЧИЧИНАДЗЕ;CHICHINADZE
МАКА;MAKA
ЧИЧУА;CHICHUA
ЧКОИДЗЕ;CHKOIDZE
ЧКУАСЕЛИ;CHKUASELI
ЧОГОВАДЗЕ;CHOGOVADZE
ДОДО;DODO
НОЖЕРИ;NOZHERI
ЧОНИШВИЛИ;CHONISHVILI
ГЮЛЛИ;GYULLI
ЧОХЕЛИ;CHOKHELI
ЧОХОНЕЛИДЗЕ;CHOKHONELIDZE
ЧУБИНИДЗЕ;CHUBINIDZE
ЧХАИДЗЕ;CHKHAIDZE
ЧХАРТИШВИЛИ;CHKHARTISHVILI
БИДЗИНА;BIDZINA
ЧХЕИДЗЕ;CHKHEIDZE
ЧХИКВАДЗЕ;CHKHIKVADZE
ШАБУРОВ;SHABUROV
ШАВЕРЗАШВИЛИ;SHAVERZASHVILI
ШАВЛАКАДЗЕ;SHAVLAKADZE
АБДУЛЛА;ABDULLA
ШАИГ;SHAIG
ШАЙБОН;SHAYBON
ШАЛИБАШВИЛИ;CHALIBASHVILI
ШАЛИКОВ;SHALIKOV
ШАНИДЗЕ;SHANIDZE
ШАРАШЕНИДЗЕ;SHARASHENIDZE
ГРИГОР;GREGORY
ШАРБАБЧЯН;SHARBABCHYAN
САЛИДА;SALID@
ШАРИФОВА;S@RIFOVA
ШАРМАЗАНАШВИЛИ;SHARMAZANASHVILI
ШАТИЛОВ;CHATILOV
ШАТИРОВ;SHATIROV
ШАТИРЯН;SHATIRYAN
ШАУМЯН;SHAUMYAN
СЕБАСТИАН;SEBASTIAN
ШАУМЯН;SHAHUMYAN
АЛИ;@LI
ШАХСАБАХЛЫ;SAHSABAHLI
ШАШИАШВИЛИ;SHASHIASHVILI
ШАШКИН;SHASHKINI
СОФИКО;SOPHIKO
ШЕВАРДНАДЗЕ;SHEVARDNADZE
СВЕТЛАНА;KONSTANTINOVNA
ШЕЙЧЕНКО;SVETLANA
СЕРИКА;SERIKA
ШЕКОЯН;SHEKOYAN
ЭЛЬДАР;ELDAR
ШЕНГЕЛАЯ;SHENGELAYA
ШЕНГЕЛИЯ;SHENGELIA
ШЕРВАШИДЗЕ;SHARVASHIDZE
ШЕРВАШИДЗЕ;SHERVASHIDZE
АЗАТ;AZAT
ШЕРЕНЦ;SHERENTS
ШЕХТЕЛЬ;SHEKHTEL
ШИЛО;SHILO
НИГЯР;NIGAR
ШИХЛИНСКАЯ;SHIKHLINSKAYA
ШИШОВ;SHISHOV
ШКИНИН;SHKININ
ОСКАР;OSKAR
ШМЕРЛИНГ;SHMERLING
РЕНЕ;RENE
ШОР;SHOR
БОНДО;BONDO
ШОШИТАИШВИЛИ;SHOSHITAISHVILI
ИППОЛИТ;IPPOLIT
ШПАЖИНСКИЙ;SHPAZHINSKY
ШУБИН;SHUBIN
ШУШАНИЯ;SHUSHANIA
ШХВАЦАБАЯ;SHKHVATSABAYA
КИРИЛЛ;KIRILL
ЩЁЛКИН;SHCHELKIN
ЭБАНОИДЗЕ;EBANOIDZE
ЭБРАЛИДЗЕ;EBRALIDZE
МАРИКО;MARIKO
ЭДИШЕРАШВИЛИ;EDISHERASHVILI
ЭКВТИМИШВИЛИ;EKVTIMISHVILI
ЭДГАР;EDGAR
ЭЛБАКЯН;ELBAKYAN
ЗААЛ;ZAALI
ЭЛИАВА;ELIAVA
ЛИЯ;LIA
ЭЛИБЕКЯН;ELIBEKYAN
ЭЛИСАШВИЛИ;ELISASHVILI
ЭЛОШВИЛИ;ELOSHVILI
ЭРАДЗЕ;ERADZE
РАУЛЬ-ЮРИЙ;RAUL-YURI
ЭРВЬЕ;ERVIER
ЭРН;ERN
ЮДОВИЧ;YUDOVICH
ЮЗБАШЯН;YUZBASHYAN
ЮМАШЕВ;YUMASHEV
ЮРИЙ;JURIJS
ЮРОВСКИЙ;JUROVSKIS
ЯГОРАШВИЛИ;IAGORASHVILI
ЯЗВИНСКАЯ;JAZVINSKAJA
ЯКОБАШВИЛИ;IAKOBASHVILI
ЯКУЛОВ;YAKULOV
ЯМАНИДЗЕ;IAMANIDZE
ЗИГМАС;ZIGMAS
ЯНУШКЕВИЧУС;JANUSKEVICIUS
ЯЦКОВСКИЙ;YATSKOVSKY
